96931abf-12a5-4747-90d8-bd3f0ba2df3a,"Roberts Inc",claude@roberts-inc.com,2027159354,https://roberts-inc.com,"46215 Herzog Valleys","Suite 981","New Treverchester",MD,99714,1742867564663,1742867564663
b788f619-e713-479e-b90e-fd439459f5de,"Dooley LLC",doyle@dooley-llc.com,2027986671,https://dooley-llc.com,"68717 Veterans Memorial Highway","Apt. 609","West Elfrieda",VA,85113,1742867564663,1742867564663
8c98dda5-28b3-43d8-ad61-7bc66abec6f7,"Predovic Inc",camylle@predovic-inc.com,2023499548,https://predovic-inc.com,"595 Welch Knolls","Apt. 103",Stacyworth,MD,89830,1742867564663,1742867564663
fcc8d36b-992e-4a94-af6b-3d267a71595f,"Douglas, Fay and Balistreri",jerod@douglas-fay-and-balistreri.com,2028247459,https://douglas-fay-and-balistreri.com,"32380 Market Street","Suite 644",Ankundingberg,MD,77789,1742867564663,1742867564663
5937aa06-3ca7-4b70-a13e-eba510f60ea6,"O'Conner Inc",marcel@o-conner-inc.com,2021713733,https://o-conner-inc.com,"488 Stamm Bypass","Suite 345","North Shirleyfield",DC,48142,1742867564663,1742867564663
6bca0272-3078-47a7-a5cf-3b57e2abc21c,"Ward LLC",jayne@ward-llc.com,2024978741,https://ward-llc.com,"49269 Claudia Pines","Apt. 903",Forestton,MD,81407,1742867564663,1742867564663
be690f46-95d0-46bf-9b48-518c8888d4fa,"Smith, Dare and Stokes",judson@smith-dare-and-stokes.com,2024252067,https://smith-dare-and-stokes.com,"24599 McCullough Point",,Kaelynton,VA,85144,1742867564663,1742867564663
ff9f32cf-7a5b-43c2-9212-01764011fd32,"Fadel Group",cornelius@fadel-group.com,2025142140,https://fadel-group.com,"9612 Oak Street","Apt. 195","Lake Elsinore",DC,70220,1742867564663,1742867564663
5d4be095-d255-49ad-beba-ba9c736862ca,"Mueller, Crona and Brekke",eleazar@mueller-crona-and-brekke.com,2024506027,https://mueller-crona-and-brekke.com,"764 Considine Key","Apt. 372","West Bridgette",DC,04403,1742867564663,1742867564663
20f6ce4b-7ec3-4e2e-aea9-4ca569f1216a,"Nitzsche Inc",taryn@nitzsche-inc.com,2027359029,https://nitzsche-inc.com,"3703 Wilkinson Rapids","Suite 174","New Tianaberg",DC,04651,1742867564663,1742867564663
ecaa1f6f-9826-41a2-9b1a-760766ffabf8,"Jones LLC",jayce@jones-llc.com,2020363237,https://jones-llc.com,"89131 N Locust Street","Suite 257","Fond du Lac",VA,14776,1742867564663,1742867564663
1e73eb32-fa1d-4a3f-8858-176aa2384994,"Smitham Group",ebony@smitham-group.com,2020490149,https://smitham-group.com,"4968 Emmet Course","Apt. 111","East Stephon",DC,96572,1742867564663,1742867564663
da0a9655-db13-4454-b533-d8509642d613,"Kovacek, Block and Barrows",isadore@kovacek-block-and-barrows.com,2026490387,https://kovacek-block-and-barrows.com,"15157 The Glebe","Suite 866","Lake Bettye",MD,21415,1742867564663,1742867564663
4f5d05ea-11f3-43d1-8ab1-a8968f401efb,"Stracke and Sons",kieran@stracke-and-sons.com,2024449025,https://stracke-and-sons.com,"669 S Main",,Natboro,MD,31972,1742867564663,1742867564663
866890d3-d5d5-451a-b539-2b61aedeb0ff,"Kling - Schaden",kassandra@kling-schaden.com,2020559274,https://kling-schaden.com,"54744 St John's Road",,"East Joannie",MD,40755,1742867564663,1742867564663
655593f8-a5da-4400-99f3-43df60f7855a,"Effertz - West",lue@effertz-west.com,2021237011,https://effertz-west.com,"2864 Carolanne Coves","Apt. 327","East Loufort",MD,22509,1742867564663,1742867564663
0bb72264-bd69-45f0-b2c8-fe03fe712f75,"Stroman, Barrows and Stanton",alden@stroman-barrows-and-stanton.com,2022654549,https://stroman-barrows-and-stanton.com,"84321 Aspen Close","Suite 207",Nienowland,MD,32899,1742867564663,1742867564663
9456db77-affc-490c-b9f5-50cf4725699e,"Harris, Gusikowski and Zboncak",kenneth@harris-gusikowski-and-zboncak.com,2020757508,https://harris-gusikowski-and-zboncak.com,"5376 Lueilwitz Lights",,Lakeville,VA,97951,1742867564663,1742867564663
3c6a1fd8-a610-4245-9d34-df286f346b6c,"Blick, Jacobi and Bayer",piper@blick-jacobi-and-bayer.com,2029443213,https://blick-jacobi-and-bayer.com,"956 Birch Road","Apt. 373",Skilesville,MD,88094,1742867564663,1742867564663
7edf9906-2ffc-466d-bafc-ecc65e8277cc,"Kessler - Koelpin",rowland@kessler-koelpin.com,2024640700,https://kessler-koelpin.com,"942 Dooley Junction","Suite 961",Woodland,VA,84713,1742867564663,1742867564663
0635904d-65a4-4cfe-81b2-09cc7e35873c,"Kirlin and Sons",keven@kirlin-and-sons.com,2020724208,https://kirlin-and-sons.com,"6645 Schmidt Hollow",,Binshaven,MD,25123,1742867564663,1742867564663
3ff87d38-27f5-4caf-b1cb-5455f970ba9f,"Ernser, King and Mante",schuyler@ernser-king-and-mante.com,2022847740,https://ernser-king-and-mante.com,"31834 Nicolette Port","Apt. 571",Leopoldomouth,DC,44057,1742867564663,1742867564663
e0d76a36-65f2-4943-93e5-345e26098cd2,"Heller Inc",danika@heller-inc.com,2023968476,https://heller-inc.com,"8834 Goodwin Rue","Suite 689",Goldnerbury,VA,56510,1742867564663,1742867564663
b5434c89-8f31-4c9b-9a93-73d8dae1e811,"O'Connell Group",lue@o-connell-group.com,2028348435,https://o-connell-group.com,"50014 Hand Prairie","Apt. 149",Maximoside,VA,08007,1742867564663,1742867564663
9f34dbeb-f62a-4da3-a6f0-d2ece9cc655d,"O'Keefe, Roberts and Runolfsdottir",donavon@o-keefe-roberts-and-runolfsdottir.com,2026993344,https://o-keefe-roberts-and-runolfsdottir.com,"9182 Lindgren Junction","Apt. 317","East Feltonberg",MD,89546,1742867564663,1742867564663
6ccd76a8-8bc6-4e6d-bdad-2fac4a6a25e8,"Crona and Sons",tanner@crona-and-sons.com,2028873413,https://crona-and-sons.com,"51828 Tower Road","Suite 809",Deltona,MD,68138,1742867564663,1742867564663
c4831edc-0c82-4d5e-82ad-c4b069bf42d9,"Dickinson, Aufderhar and Moen",fern@dickinson-aufderhar-and-moen.com,2021855896,https://dickinson-aufderhar-and-moen.com,"261 Hodkiewicz Harbors","Suite 770",Madera,DC,14472,1742867564663,1742867564663
17d02c7f-cd4b-4211-90ee-21a447a2f1de,"Cassin, Koch and Pouros",pete@cassin-koch-and-pouros.com,2022490446,https://cassin-koch-and-pouros.com,"84640 Althea Mall","Apt. 302",Strongsville,MD,52993,1742867564663,1742867564663
00bb5f98-38fb-4a5e-9a41-c8147c8dd489,"Lehner - Satterfield",greg@lehner-satterfield.com,2020757110,https://lehner-satterfield.com,"1445 Sienna Manor","Apt. 939",Wehnercester,MD,85670,1742867564663,1742867564663
f4e8c9c6-3811-4789-99f1-8219f8e051d0,"Renner and Sons",georgette@renner-and-sons.com,2023521675,https://renner-and-sons.com,"86960 Trantow Club","Apt. 741",Kautzerchester,VA,84994,1742867564663,1742867564663
64ba1cf0-3232-4339-b814-7987e6f4da9a,"Willms LLC",kristian@willms-llc.com,2029866929,https://willms-llc.com,"53323 Clemmie Camp","Apt. 825","New Martinboro",VA,39391,1742867564663,1742867564663
671df529-d429-42ba-b96d-5d6132de4db4,"Schuster LLC",gunner@schuster-llc.com,2023180813,https://schuster-llc.com,"58484 Meadow View","Apt. 117",Covina,VA,45313,1742867564663,1742867564663
35c0959e-9662-4d7c-90a2-3f1712407d8f,"Cassin - Gutkowski",sienna@cassin-gutkowski.com,2020118863,https://cassin-gutkowski.com,"1696 Josefina Shoal","Apt. 462","Port Francescoport",DC,74857,1742867564663,1742867564663
254a0047-887b-4897-8788-63fb3609293c,"Kuhlman Inc",julius@kuhlman-inc.com,2022770208,https://kuhlman-inc.com,"217 Prosacco Pike","Suite 508",Garthfield,DC,19569,1742867564663,1742867564663
70933782-7b5a-4f8a-8b7c-b6879973dca9,"VonRueden - Corkery",katheryn@vonrueden-corkery.com,2020838726,https://vonrueden-corkery.com,"3199 Birch Avenue",,Kshlerintown,VA,52076,1742867564663,1742867564663
a9f13bca-87e2-4585-8bdb-545fa975cac1,"Rodriguez and Sons",filomena@rodriguez-and-sons.com,2025162489,https://rodriguez-and-sons.com,"6786 W Broad Street","Suite 422","New Dorrismouth",DC,92278,1742867564663,1742867564663
8a5c0748-4af6-4966-9fab-e5f161d1ba2b,"Koelpin - Goldner",amani@koelpin-goldner.com,2021644369,https://koelpin-goldner.com,"4241 Mariana Walk","Suite 654","South Jessie",DC,36985,1742867564663,1742867564663
8f497598-0c4b-417d-ab5a-0db0a5b00c32,"Walker - Berge",jackson@walker-berge.com,2027152037,https://walker-berge.com,"339 Camilla Ville","Apt. 839","East Alicecester",MD,75177,1742867564663,1742867564663
30cd78ad-a3d4-4e18-8a41-a6ee75370a33,"Glover - Powlowski",pat@glover-powlowski.com,2029219780,https://glover-powlowski.com,"579 The Limes","Suite 948",Brandiland,MD,73060,1742867564663,1742867564663
12fa74ec-9e0d-4015-95fa-e144e41c1a27,"Cronin - Grimes",whitney@cronin-grimes.com,2021005698,https://cronin-grimes.com,"181 Predovic Street","Apt. 355","West Hopeview",DC,11346,1742867564663,1742867564663
02646ee3-f55e-438e-ab9e-b2a4a4f9b142,"Kunde Group",hannah@kunde-group.com,2026750086,https://kunde-group.com,"25062 West View","Apt. 863","East Jonathan",VA,11557,1742867564663,1742867564663
84965786-c13d-4dc3-82e3-e21aa7b55126,"Zulauf LLC",gino@zulauf-llc.com,2028759639,https://zulauf-llc.com,"7539 Justen Cliffs","Apt. 112","Fort Maxboro",DC,19961,1742867564663,1742867564663
f071fa10-73c2-426d-92af-968443c92dab,"Murphy Group",enola@murphy-group.com,2025361855,https://murphy-group.com,"97199 Pearlie View","Apt. 379","Fort Kennedybury",VA,54366,1742867564663,1742867564663
b5892fe0-65e5-40dd-9563-43aafaa97748,"Upton - Nader",constance@upton-nader.com,2025314306,https://upton-nader.com,"254 Benjamin Creek",,"Fort Jordi",DC,52837,1742867564663,1742867564663
584765f3-6105-43d3-9851-808318a540a6,"Ullrich - Kutch",sabina@ullrich-kutch.com,2026013538,https://ullrich-kutch.com,"62184 Kub Manors","Apt. 276",Warren,DC,67276,1742867564663,1742867564663
a7f270cf-164e-4ab0-9de9-2a3bf9b01537,"Schmeler LLC",malika@schmeler-llc.com,2020136160,https://schmeler-llc.com,"835 Kub Parkways","Apt. 257",Angelochester,VA,56524,1742867564663,1742867564663
dca7d53a-cf60-46f2-b1b2-f0c28f99f270,"Boyle, Ledner and Schroeder",sabryna@boyle-ledner-and-schroeder.com,2021871882,https://boyle-ledner-and-schroeder.com,"1863 Casimir Underpass","Suite 550","Port Ebba",MD,80164,1742867564663,1742867564663
83f779d3-6f89-42b0-a583-98a2d111bb6f,"Will LLC",ephraim@will-llc.com,2020165729,https://will-llc.com,"838 Monserrate Key","Suite 734",Jessiehaven,DC,85464,1742867564663,1742867564663
27cad903-1ae9-411b-b774-5a8fd12d75d8,"McClure - Strosin",charlotte@mcclure-strosin.com,2024213119,https://mcclure-strosin.com,"9553 Paula Crossroad","Apt. 526",Dickensport,DC,00795,1742867564663,1742867564663
47fb7cde-dbdd-4e49-be9f-869fc67ad8d8,"Bogan Group",ramon@bogan-group.com,2022916740,https://bogan-group.com,"96305 Alfonso Dale","Suite 271","Lake Lucius",MD,33523,1742867564663,1742867564663
47a246e8-9caa-4a12-b764-38fa93938339,"Hane Group",carroll@hane-group.com,2024084120,https://hane-group.com,"72971 Lehner Mount","Suite 509",Lednerview,DC,79145,1742867564663,1742867564663
e164f913-d06c-4e2b-bf58-5ab3811234f0,"Walter - Goldner",bradly@walter-goldner.com,2022574574,https://walter-goldner.com,"55560 Jamarcus Well","Apt. 337",Kesslertown,VA,47376,1742867564663,1742867564663
f3da13d7-b79c-4fa5-8c91-813cee9db374,"Beatty - Krajcik",quentin@beatty-krajcik.com,2025202130,https://beatty-krajcik.com,"427 Gislason Walk","Apt. 428","Port Lulu",MD,92149,1742867564663,1742867564663
f4571daa-4b53-4166-ba5f-de87818f8689,"Lockman and Sons",dillon@lockman-and-sons.com,2027195583,https://lockman-and-sons.com,"3318 Anita Groves","Suite 128",Jamisonville,VA,73632,1742867564663,1742867564663
01103dbf-25b2-4ba1-aec6-d60b7d37f746,"Lynch - Welch",alf@lynch-welch.com,2024902082,https://lynch-welch.com,"67759 Fritsch Land",,Devincester,VA,10816,1742867564663,1742867564663
2d067690-8476-4673-a34a-eaad9728931f,"Welch, Waters and Wuckert",lizzie@welch-waters-and-wuckert.com,2020250176,https://welch-waters-and-wuckert.com,"98807 The Square","Apt. 814","North Annaland",VA,48621,1742867564663,1742867564663
744e47a0-d380-450c-b1e0-34f03873a7dd,"Renner Inc",reggie@renner-inc.com,2029571649,https://renner-inc.com,"7967 High Road","Suite 638",Douglasborough,MD,24373,1742867564663,1742867564663
a2f8f736-5548-42ad-a5d3-3898b9e94537,"Homenick Inc",shania@homenick-inc.com,2021598192,https://homenick-inc.com,"567 Lizzie Canyon","Apt. 635",Sauerfurt,DC,23066,1742867564663,1742867564663
eb467f68-ebc5-41a2-9760-36c88215970a,"Volkman Group",krystel@volkman-group.com,2025574905,https://volkman-group.com,"589 Eliezer Common","Suite 296",Odessa,MD,74833,1742867564663,1742867564663
0022499b-dc4d-4b09-a109-3c3c3fdce54d,"Klocko Inc",brice@klocko-inc.com,2025720398,https://klocko-inc.com,"938 Abbie Lights","Apt. 183","Pompano Beach",MD,03197,1742867564664,1742867564664
d9285215-c64e-4c29-961f-3b88bb817ae6,"Cronin, Medhurst and Gleichner",queen@cronin-medhurst-and-gleichner.com,2022542345,https://cronin-medhurst-and-gleichner.com,"7370 Trudie Extensions","Suite 355","North Jonathanview",DC,52971,1742867564664,1742867564664
f34fc7f1-c4e0-4bb3-8340-f022e3738cb6,"Feest - Baumbach",sidney@feest-baumbach.com,2020196759,https://feest-baumbach.com,"858 Cliff Road","Suite 313","East Javonte",DC,22555,1742867564664,1742867564664
9d08340a-7137-42f1-bd9a-f6eca2abfacd,"Gleichner and Sons",cleveland@gleichner-and-sons.com,2022150240,https://gleichner-and-sons.com,"704 Greenholt Hills","Apt. 263","Fort Sophiastad",VA,09197,1742867564664,1742867564664
9ac9996b-3dd3-4172-9739-341dbe47859c,"Beahan, Turcotte and Schamberger",bernardo@beahan-turcotte-and-schamberger.com,2024664299,https://beahan-turcotte-and-schamberger.com,"918 Dedric Spurs","Suite 534",Chesterville,VA,88376,1742867564664,1742867564664
87838072-f049-4c9a-a978-1ec45ec1f231,"Altenwerth, Torphy and Doyle",terence@altenwerth-torphy-and-doyle.com,2027203607,https://altenwerth-torphy-and-doyle.com,"442 Wiegand Manors","Apt. 156","South Wava",MD,75914,1742867564664,1742867564664
3ef6afb5-9d22-4f44-8f0e-c838b28c8b03,"Leffler and Sons",giles@leffler-and-sons.com,2023820863,https://leffler-and-sons.com,"4342 Dario Alley",,"El Monte",VA,23848,1742867564664,1742867564664
361b9105-7b97-409d-8532-0559544b3ba8,"DuBuque - O'Hara",frederik@dubuque-o-hara.com,2020270686,https://dubuque-o-hara.com,"336 Hettinger Pine","Suite 802","New Joannieworth",VA,85264,1742867564664,1742867564664
859f72f2-8999-42fe-80ad-b0337eff8645,"Schmeler LLC",tillman@schmeler-llc.com,2029063967,https://schmeler-llc.com,"558 Grand Avenue","Suite 100","Port Lemuel",VA,18054,1742867564664,1742867564664
9de514b4-14ef-49d6-8b03-1460845bd987,"Wiegand, Pollich and Kunde",durward@wiegand-pollich-and-kunde.com,2024584940,https://wiegand-pollich-and-kunde.com,"6519 Bode Trafficway","Apt. 750","South Pasquale",DC,01254,1742867564664,1742867564664
d316a047-a0cf-41ef-8909-46327a2e51b3,"Dickinson, Boyer and Raynor",michael@dickinson-boyer-and-raynor.com,2026880170,https://dickinson-boyer-and-raynor.com,"302 5th Avenue","Suite 680",Gloverton,DC,12108,1742867564664,1742867564664
ef79c13c-468a-4f9a-a627-22a9967be344,"Stark, Dietrich and Powlowski",jacques@stark-dietrich-and-powlowski.com,2022522765,https://stark-dietrich-and-powlowski.com,"858 Lueilwitz Creek","Apt. 736","Lake Graciela",MD,24475,1742867564664,1742867564664
d713dc3f-1a81-43f9-8ad6-2d29e6fb25dd,"Durgan - Macejkovic",sarina@durgan-macejkovic.com,2023380317,https://durgan-macejkovic.com,"5171 June Plaza","Suite 528",Kellyfurt,DC,51170,1742867564664,1742867564664
1aee11cc-6267-4699-afb6-0188c467cb28,"Kovacek Inc",brandy@kovacek-inc.com,2025863614,https://kovacek-inc.com,"34188 Josh Canyon","Apt. 199",Cronaton,VA,21813,1742867564664,1742867564664
efbad4e5-cd2c-4aa5-b665-42a31bbac4ae,"Roberts Inc",rocio@roberts-inc.com,2029281540,https://roberts-inc.com,"949 Guido Parks","Suite 288","San Jose",MD,87391,1742867564664,1742867564664
c55fe590-ae36-4f86-b560-c7e49d689373,"Hane - Marquardt",camryn@hane-marquardt.com,2023776603,https://hane-marquardt.com,"83863 Birch Road","Suite 264",Haydenworth,DC,73252,1742867564664,1742867564664
ad45595b-20d2-4327-98c0-1421325a646f,"D'Amore, Towne and Morissette",pansy@d-amore-towne-and-morissette.com,2026065401,https://d-amore-towne-and-morissette.com,"58825 Ernser Avenue","Apt. 344",Goldnerfort,VA,15296,1742867564664,1742867564664
bb7e6cb9-4232-4921-adc7-9957912fa57c,"Jacobs, Witting and Fay",joesph@jacobs-witting-and-fay.com,2024612822,https://jacobs-witting-and-fay.com,"57919 Nelson Road",,Pasco,VA,05411,1742867564664,1742867564664
91ebff61-b713-455b-9e64-773499de1ad3,"Skiles - King",devin@skiles-king.com,2025990451,https://skiles-king.com,"784 Avenue Road",,Yuma,DC,25119,1742867564664,1742867564664
d4476f36-fdc0-4f85-9a65-da2a19051756,"Spinka and Sons",lelah@spinka-and-sons.com,2025539701,https://spinka-and-sons.com,"815 Emerson Divide","Suite 991","Fort Jerrodville",DC,71588,1742867564664,1742867564664
80c2e26e-6665-420a-919e-0b55d46dbbd6,"Volkman, Crona and Blick",brown@volkman-crona-and-blick.com,2028055867,https://volkman-crona-and-blick.com,"98496 Woodside","Apt. 498","New Brionnastad",DC,18518,1742867564664,1742867564664
389dabe6-f702-4441-b4a2-d96bbc3ce178,"Blanda - Casper",britney@blanda-casper.com,2022326868,https://blanda-casper.com,"7998 Syble Stravenue","Suite 486",Madison,MD,15226,1742867564664,1742867564664
371c8fba-265c-4e15-8917-3be3cef0afce,"Champlin - Bernier",fritz@champlin-bernier.com,2021802487,https://champlin-bernier.com,"8943 S Jefferson Street",,"South Earlstead",DC,77833,1742867564664,1742867564664
9d1ce43d-329d-4dfd-94df-e19364534eaf,"Hills, Gibson and Harber",chyna@hills-gibson-and-harber.com,2022421493,https://hills-gibson-and-harber.com,"94376 Barton Manors",,Galveston,VA,71348,1742867564664,1742867564664
c7f8b71e-3ab5-4214-b83d-b16df30b8703,"Padberg - Hegmann",jedediah@padberg-hegmann.com,2021593068,https://padberg-hegmann.com,"95420 St Andrew's Road",,"New Freddyworth",VA,90628,1742867564664,1742867564664
9751e46d-13a4-48c1-8814-e3a2f9ff7fa2,"Ankunding and Sons",harley@ankunding-and-sons.com,2022736309,https://ankunding-and-sons.com,"10057 Washington Street",,"Port Maggiestad",MD,82606,1742867564664,1742867564664
b62454eb-d50f-4e81-ab39-00b7b8728ed0,"Mosciski - Gerlach",adela@mosciski-gerlach.com,2023422973,https://mosciski-gerlach.com,"339 Bruen Plain","Apt. 756",Douglashaven,VA,56625,1742867564664,1742867564664
bc2217c6-e12b-49c6-ac38-a864c6285f49,"Jacobson and Sons",oral@jacobson-and-sons.com,2025715110,https://jacobson-and-sons.com,"2013 Dudley Via","Suite 345",Nienowberg,VA,41646,1742867564664,1742867564664
190777fc-f895-4c80-8780-a1b2ef087dcb,"Flatley - Maggio",rocky@flatley-maggio.com,2023101934,https://flatley-maggio.com,"202 Carmela Well",,"Port Edisonton",VA,02012,1742867564664,1742867564664
dbc9bcd0-cbdf-431e-b623-773bf2be4f2e,"Glover, Dach and Shields",shanie@glover-dach-and-shields.com,2021992382,https://glover-dach-and-shields.com,"78614 Mathias Streets",,"East Honolulu",MD,04904,1742867564664,1742867564664
25fd57d1-f292-474e-a4a4-4067d3446f9a,"McGlynn - Rowe",rosemarie@mcglynn-rowe.com,2024927627,https://mcglynn-rowe.com,"46595 S 5th Street","Apt. 176",Danbury,MD,29481,1742867564664,1742867564664
c4bc451b-99d0-4b84-b660-3d85cb93070f,"Nicolas and Sons",aylin@nicolas-and-sons.com,2021430276,https://nicolas-and-sons.com,"2353 Gutkowski Streets","Suite 180",Southfield,VA,41940,1742867564664,1742867564664
5bd386b3-7118-4219-97e5-60f7dc069d2a,"Ziemann Group",hilton@ziemann-group.com,2028370795,https://ziemann-group.com,"394 E 8th Street","Suite 372",Jamelberg,DC,46185,1742867564664,1742867564664
a933d766-3012-413e-9bc1-a05a0a13cc34,"Schmitt, Abshire and Kovacek",reinhold@schmitt-abshire-and-kovacek.com,2020107840,https://schmitt-abshire-and-kovacek.com,"560 Jaskolski Vista",,"Virginia Beach",DC,51924,1742867564664,1742867564664
275b750c-944e-402d-bb8a-e0d0b9a568d0,"Jenkins LLC",johnny@jenkins-llc.com,2025311672,https://jenkins-llc.com,"569 Hane Roads","Apt. 511",Christiansenton,VA,04714,1742867564664,1742867564664
7760a381-cdb2-498e-b32e-10d2c29c9566,"Upton Group",edd@upton-group.com,2022956046,https://upton-group.com,"5614 W 12th Street","Apt. 871","West Melvina",DC,47424,1742867564664,1742867564664
2082b1ac-6403-4a73-9aeb-0160de74eca2,"Hackett - Jakubowski",janet@hackett-jakubowski.com,2027973688,https://hackett-jakubowski.com,"946 S Church Street","Suite 376",Elgin,MD,68636,1742867564664,1742867564664
990440d1-a122-4b4b-8291-533771761e84,"Sauer - Cassin",luna@sauer-cassin.com,2029701778,https://sauer-cassin.com,"962 Douglas Mill","Suite 653",Shanelbury,DC,05969,1742867564664,1742867564664
f9cfa255-6f37-4312-9a35-16277e1ab5e4,"Rosenbaum and Sons",joana@rosenbaum-and-sons.com,2027476979,https://rosenbaum-and-sons.com,"867 Gerhold Crossroad","Apt. 956","West Erna",VA,02050,1742867564664,1742867564664
824aea5f-d4b4-4dfc-904d-f07a5e422504,"Jenkins, Runte and Altenwerth",isaias@jenkins-runte-and-altenwerth.com,2025287062,https://jenkins-runte-and-altenwerth.com,"6978 Walsh Brook","Apt. 901",Jaimeshire,DC,36893,1742867564664,1742867564664
eb50f0fd-4bb3-4f44-8af0-7525cb529642,"Howell - Von",mossie@howell-von.com,2027601051,https://howell-von.com,"7856 Market Place","Suite 179",Reynoldsland,MD,00409,1742867564664,1742867564664
6881aff3-9715-4268-ae93-b1f867e5203c,"Sanford, Dickinson and Stamm",junior@sanford-dickinson-and-stamm.com,2020607858,https://sanford-dickinson-and-stamm.com,"48250 Hills Oval","Apt. 961",Grapevine,MD,83473,1742867564664,1742867564664
a26fc3ae-a8a7-4ab6-9a00-e98d635fc46c,"Runte, Lemke and Grimes",carole@runte-lemke-and-grimes.com,2021984676,https://runte-lemke-and-grimes.com,"866 Collier Cliff",,Lakeland,DC,01325,1742867564664,1742867564664
8517e9cd-bdf0-43b3-a1cd-90858d7e0a06,"Carter LLC",jadyn@carter-llc.com,2026306019,https://carter-llc.com,"9615 Lynch Cape","Suite 558",Tamarac,VA,27766,1742867564664,1742867564664
c5a03e3f-ddae-4918-afbc-83e0771afe8f,"Stoltenberg, Heller and Ruecker",susanna@stoltenberg-heller-and-ruecker.com,2024989291,https://stoltenberg-heller-and-ruecker.com,"259 Dale Street","Suite 726",Loraineworth,DC,77382,1742867564664,1742867564664
68740a3f-e69b-4da1-a45b-fb339320ea08,"Fahey Group",colleen@fahey-group.com,2028404200,https://fahey-group.com,"179 Schmeler Orchard","Suite 862","Port Margarita",MD,39853,1742867564664,1742867564664
331e35db-17a5-496c-95aa-24b15cbd11c6,"Oberbrunner Inc",deron@oberbrunner-inc.com,2020364575,https://oberbrunner-inc.com,"94594 Walnut Close","Apt. 238",Juwanboro,DC,68716,1742867564664,1742867564664
5e5e1218-1fbd-4270-9ab9-7f9f1a7af4dd,"Kovacek LLC",lou@kovacek-llc.com,2024299534,https://kovacek-llc.com,"548 Sycamore Street","Apt. 926",Rainaworth,MD,92199,1742867564664,1742867564664
f76a4542-b350-48d7-a20a-4b603424bc2e,"Hayes, Wilderman and Jerde",rollin@hayes-wilderman-and-jerde.com,2028504267,https://hayes-wilderman-and-jerde.com,"72511 Brycen Union",,"Port Joanne",DC,51372,1742867564664,1742867564664
cf47bab0-7b12-4101-9c37-c5c71f561fca,"Jakubowski - Brown",malvina@jakubowski-brown.com,2020107481,https://jakubowski-brown.com,"15551 Pouros Court",,"Lee's Summit",DC,38327,1742867564664,1742867564664
6f9621b2-2590-410b-93f4-ff7cb914c276,"Jacobs Group",tobin@jacobs-group.com,2025047217,https://jacobs-group.com,"6432 Brody Mountain",,Willworth,DC,06351,1742867564664,1742867564664
5d8eac9f-e00d-464f-8e0b-4313772f66f0,"Connelly - Douglas",hattie@connelly-douglas.com,2025927939,https://connelly-douglas.com,"91078 Riverside Avenue",,Croninmouth,VA,33073,1742867564664,1742867564664
e38692bd-66da-4ab0-87ea-1e3f814a71e0,"Braun - Fadel",kendra@braun-fadel.com,2025287449,https://braun-fadel.com,"652 Destiney Village",,Klockoville,DC,36653,1742867564664,1742867564664
